id,name,country,description
3,"Autoritatea de Supraveghere Financiară din Marea Britanie","Marea Britanie","<p>FCA&nbsp;reglementează&nbsp;industria serviciilor financiare &icirc;n Marea Britanie.</p>

<p>Obiectivul principal este să&nbsp;asigure&nbsp;stabilitatea și buna funcționare a piețelor financiare astfel &icirc;nc&acirc;t consumatorii să&nbsp;primeasca un serviciu corect. Acest lucru &icirc;nseamnă&nbsp;că, industria financiară&nbsp;să&nbsp;funcționeze cu integritate, firmele să&nbsp;ofere clienților produse și servicii corespunzătoare astfel &icirc;nc&acirc;t consumatorii să&nbsp;aibă&nbsp;&icirc;ncredere că&nbsp;firmele au cele mai bune interese pentru a deservii nevoilor acestora.</p>
"
4,"Comisia Pieței de Capital și a Investițiilor a Australiei",Australia,"<p>ASIC este organismul de reglementare a serviciilor corporatiste și a pieței financiare din Australia.</p>

<p>ASIC contribuie la reputația și bunăstarea Australiei prin oferirea asigurării că&nbsp;piețele financiare din Australia sunt corecte și transparente, totodată&nbsp;oferind &icirc;ncredere și inform&acirc;nd continuu investitorii și consumatorii de servicii financiare.</p>
"
5,"Comisia Pieței de Capital și a Valorilor Mobiliare a Republicii Cipru",Cipru,"<p>Comisia Pieței de Capital și a Valorilor Mobiliare a Republicii Cipru (CySEC) este o autoritate publică&nbsp;independentă&nbsp;de supraveghere pentru piața serviciilor de investiții financiare și ale tranzacțiilor de valori mobiliare desfășurate &icirc;n cadrul Republicii Cipriote.</p>

<p>CySEC va executa supervizarea eficientă&nbsp;pentru a asigura protecția investitorilor și dezvoltarea corectă&nbsp;a pieței de capital.</p>
"
6,"Comisia Pieței de Capital a Republicii Elene",Grecia,"<p>HCMC (Comisia Pieței de Capital a Republicii Elene) este unul dintre cele două&nbsp;organisme de reglementare pentru piața financiară&nbsp;din Grecia, cealaltă&nbsp;fiind Banca Națională&nbsp;a Greciei.</p>

<p>HCMC este responsabilă&nbsp;pentru supravegherea aplicării corespunzatoare a legislației pieței de capital. Participa decisiv la formarea cadrului de reglementare a pieței de capital, la nivel național, european și internațional, precum și contribuie activ la operațiunile Consiliului Uniunii Europene, ale ESMA și IOSCO.</p>
"
7,"Comisia de Tranzacționare a Contractelor Futures din Statele Unite","Statele Unite","<p>Misiunea Comisiei de Tranzacționare a Contractelor Futures din Statele Unite&nbsp;(CFTC) este de a promova piețele deschise, transparente, competitive, cu o situație financiară&nbsp;solidă, pentru a evita riscul sistemic și pentru a proteja&nbsp;participanții la piață&nbsp;precum și fondurile acestora, consumatorii și a publicului larg, de fraudă, manipulare și de practici abuzive legate de instrumente financiare derivate și alte produse care sunt supuse tranzacționării pe aceste piețe.</p>
"
8,"Asociatia Națională a Pieței Futures","Statele Unite","<p>&Icirc;ncrederea investitorilor este crucială&nbsp;pentru piețele derivate și cea mai bună&nbsp;cale de a c&acirc;știga &icirc;ncrederea investitorilor este de a asigura faptul că&nbsp;cele mai &icirc;nalte standarde de integritate sunt cerute tuturor participanților și intermediarilor.</p>

<p>Asociația Națională&nbsp;a Pieței Futures (NFA) este un organism de sine stătător, format pentru Industria Pieței Derivate din U.S. NFA se străduiește &icirc;n fiecare zi să&nbsp;supravegheze integritatea pieței, să&nbsp;protejeze investitorii și să&nbsp;ajute membrii săi să-și &icirc;ndeplinească&nbsp;responsabilitățile de reglementare.</p>
"
9,"Banca Centrală a Irlandei",Irlanda,"<p>CBI este responsabilă&nbsp;at&acirc;t pentru politicile Băncii Centrale c&acirc;t și pentru reglementările pieței financiare pentru menținerea stabilității prețurilor &icirc;n Irlanda, prin politici formulate la nivelul Sistemului European (MiFID).</p>

<p>CBI continuă&nbsp;să&nbsp;ofere suport Guvernului pentru a-și &icirc;ndepini rolul privind politicile monetare și programele de criză&nbsp;&icirc;n relația cu Banca Centrală&nbsp;Europeană&nbsp;(ECB) și de asemenea continuă&nbsp;să&nbsp;contribuie cu programe de dezvoltare și analiză&nbsp;&icirc;n cadrul Sistemului European.</p>

<p>CBI contiuă&nbsp;să&nbsp;implementeze at&acirc;t politici monetare standarde c&acirc;t și non-standarde dar și operatiuni la nivel descentralizat.</p>
"
10,"Autoritatea Federală de Supraveghere Financiară din Germania",Germania,"<p>Autoritatea Federală&nbsp;de Supraveghere Financiară din Germania&nbsp;(BaFin) supraveghează&nbsp;băncile/ furnizorii de servicii financiare, brokerii de asigurări și tranzacționarea cu valori mobiliare.</p>

<p>BaFin operează&nbsp;&icirc;n interesul public. Obiectivul său principal este să&nbsp;asigure funcționarea corespunzătoare, stabilitatea și integritatea sistemului financiar German. Clienții bancari, deținătorii de asigurări și investitorii trebuie să&nbsp;aibă&nbsp;&icirc;ncredere &icirc;n sistemul financiar.</p>
"
11,"Autoritatea de Supraveghere a Piețelor Financiare din Elveția",Elveția,"<p>FINMA &icirc;și desfasoară&nbsp;activitatea sa de supraveghetor &icirc;n interesul Centrului Financiar din Elveția pentru investitori, creditori și asiguratori.</p>

<p>Obiectivul principal al organismului de supraveghere al piețelor financiare este să&nbsp;asigure funcționarea corespunzătoare al piețelor financiare și protejarea clienților &icirc;mpotriva insolvenței.</p>
"
12,"Autoritatea Piețelor Financiare din Noua Zeelandă","Noua Zeelandă","<p>Autoritatea Piețelor Financiare (FMA) s-a construit ca o agenție independentă&nbsp;cu un rol determinant &icirc;n reglementarea pieței de capital și a serviciilor financiare &icirc;n Noua Zeelandă.</p>

<p>Ca reglementator al unui sistem bazat pe risc, FMA &icirc;și concentrează&nbsp;resursele acolo unde crede că&nbsp;există&nbsp;un risc semnificativ pentru a se atinge obiectivele.</p>

<p>Viziunea principala a FMA este să&nbsp;promoveze și să&nbsp;faciliteze dezvoltarea onestă, eficientă&nbsp;și transparentă&nbsp;a pieței financiare.</p>
"
13,"Organizația de Reglementare în Industria Investițiilor a Canadei",Canada,"<p>IIROC &icirc;și desfasoară&nbsp;activitatea de reglementator fiind responsabilă&nbsp;de &icirc;ntocmirea și punerea &icirc;n aplicare a legilor privind profesionalismul și modul de gestionare a afacerilor de către firmele de investiții și a angajaților acestora precum și de &icirc;ntocmirea și aplicarea regulilor de intergritate a pieței de capital canadiene privind activitatea de tranzacționare.</p>

<p>Pentru a-și &icirc;ndeplini mandatul de organism reglementator național independent, IIROC este guvernată&nbsp;de principiile integrității, transparenței și onestității.</p>
"
14,"Autoritatea de Servicii Financiare a Republicii Malta",Malta,"<p>MFSA este singurul reglementator pentru activități privind serviciile financiare &icirc;n Malta. Acesta reglementează&nbsp;și supervizează&nbsp;instituțiile financiare și de credit, fondurile de investiții, de hedging respectiv firmele de asigurări și de asemenea activitatea Depozitarului Central.</p>

<p>MFSA emite note de recomandare, monitorizează&nbsp;dezvoltarea locala și internațională, lucrează&nbsp;&icirc;mpreună&nbsp;cu părțile implicate &icirc;n problemele legislative și joacă&nbsp;rolul principal &icirc;n formare profesională. &Icirc;ncurajează&nbsp;standarde ridicate de conformitate și gestionează&nbsp;departamentul de protecție a consumatorilor.</p>
"
15,"Comisia de Servicii Financiare a Republicii Mauritius",Mauritius,"<p>FSC este organismul integrat de reglementare pentru sectorul de servicii financiare (altele decat cele bancare) și a afacerilor globale. FSC licențiază&nbsp;&bdquo;dealeri de investiții&rdquo; și nu brokeri forex.</p>

<p>Reglementările stricte și supravegherea sunt esențiale pentru a asigura stabilitatea sistemului financiar. Obiectivul FSC este de a pozitiona Mauritius ca o jurisdicție importantă&nbsp;cu o balanță&nbsp;corectă&nbsp;&icirc;ntre reglementarea și dezvoltarea afacerilor.</p>
"
16,"Comisia de Servicii Financiare a Insulelor Virgine Britanice","Insulele Virgine Britanice","<p>Comisia pentru Servicii Financiare din Insulele Virgine Britanice este unicul organism de reglementare a serviciilor financiare al teritoriului.</p>

<p>Comisia pentru Servicii Financiare este agenția responsabilă&nbsp;pentru autorizarea și licențierea companiilor sau persoanelor care doresc să&nbsp;&icirc;ntreprindă&nbsp;afaceri &icirc;n domeniul serviciilor financiare, pentru monitorizarea mediului &icirc;n care se desfăsoară&nbsp;aceste servicii financiare și pentru a proteja participanții &icirc;mpotriva oricărui serviciu ilegal sau neautorizat care este oferit &icirc;n și pe teritoriul Insulelor Virgine Britanice.</p>
"
18,"Comisia de Supraveghere Financiara a Bulgariei",Bulgaria,"<p>Principala misiune a instituției este să&nbsp;asiste prin mijloace legale, administrative și informaționale menținerea stabilității și transparenței sectorului financiar nebancar și să&nbsp;asigure protecția consumatorilor de servicii financiare.</p>
"
19,"Banca Centrală a Ciprului",Cipru,"<p>Apărarea stabilității sistemului financiar constituie una dintre principalele sarcini ale Băncii Centrale a Ciprului. Aceasta contribuie la realizarea acestui obiectiv, <em>inter alia</em>, prin realizarea supravegherii micro-prudențiale și a stabilității sistemului bancar.</p>
"
20,"Comisia pentru Servicii Financiare din Belize",Belize,"<p>Comisia pentru Servicii Financiare (FSC) este organismul de reglementare pentru serviciile financiare nebancare din Belize, &icirc;n special pentru acele servicii furnizate de entități licențiate sau &icirc;nregistrate &icirc;n conformitate cu&nbsp;Legea Comisiei pentru Servicii Financiare, Cap. 272 Ediția revizuită 2020&nbsp;și&nbsp;Securities Industry Act, 2021 (SIA).</p>

<p>FSC Belize este un organism statutar independent de autofinanțare care oferă reglementări orientate spre servicii, continuă, bazate pe riscuri, care se bazează pe integritate, responsabilitate, adaptabilitate și fiabilitate.</p>
"
21,"Comisia Pieței de Capital și a celei Derivate din Hong Kong","Hong Kong","<p>SFC reglementează&nbsp;și supraveghează&nbsp;operațiunile de pe piața de capital respectiv de pe piața futures, pentru protejarea investitorilor și pentru promovarea Hong Kong ca un centru financiar internațional, fiind cea mai importantă&nbsp;piață&nbsp;financiară&nbsp;din China.</p>
"
22,"Registrul Furnizorilor de Servicii Financiare din Noua Zeelandă","Noua Zeelandă","<p>Guvernul a creat FSPR ca parte componentă&nbsp;a sa, pentru a face sectorul de servicii financiare mai ușor de monitorizat și transparent.</p>

<p>Scopul acestei instituții este at&acirc;t să&nbsp;ofere publicului larg precum și altori instituții reglementatoare acces la informații despre furnizorii de servicii financiare c&acirc;t și pentru a interzice anumitor entități sau persoane să&nbsp;ofere aceste servicii.</p>
"
23,"Autoritatea de Servicii Financiare a Seychelles",Seychelles,"<p>Rolul Autorității de Servicii Financiare (FSA) este de a crea un mediu favorabil pentru creșterea și dezvoltarea industriei serviciilor financiare din&nbsp;Seychelles, concominent cu strategia de dezvoltare economică&nbsp;a țării și &icirc;n conformitate cu normele locale și internaționale precum și cu Cele mai Bune Practici.</p>

<p>Pe langa rolul de mai sus, FSA Seychelles mai are ca obiectiv protecția participanților din sectorul serviciilor financiare non-bancar din Seychelles, prin construirea unui mediu profesionist și etic.</p>
"
24,"Banca Națională a Bulgariei",Bulgaria,"<p>Obiectivul major al Băncii Naționale a Bulgariei este stabilitatea prețurilor prin asigurarea stabilității monedei locale. Banca Națională&nbsp;a Bulgariei acceptă&nbsp;crearea și funcționarea unor sisteme de plăți eficiente și &icirc;și exercită&nbsp;autoritatea asupra acestora.</p>
"
25,"Centru pentru Reglementarea Instrumentelor Financiare OTC",Rusia,"<p>Centrul pentru Reglementarea Instrumentelor Financiare OTC (CRFIN) este o entitate non-profit, organizată&nbsp;după&nbsp;propriile reguli, care țintesc&nbsp;să&nbsp;acorde piței de retail Forex o importanță&nbsp;sporită&nbsp;&icirc;n cadrul industriei financiare din Rusia.</p>

<p>Misiunea principală&nbsp;este crearea de mecanisme pe segmentul de schimburi valutare al pieței Forex care sunt necesare pentru dezvoltarea, transparența, corectitudinea și performanța mediului de afaceri precum și&nbsp;pentru protecția interesului membrilor participanți.</p>
"
26,"Comisia Financiară PLC","Hong Kong","<p>Comisia Financiară&nbsp;(FinCom PLC) este prima instituție neutră&nbsp;pentru soluționarea disputelor, ce este dedicată&nbsp;pieței Forex și care &icirc;și desfășoară&nbsp;activitatea &icirc;ntr-un mod &icirc;n care transparența, rapiditatea și educația sunt valorile principale.</p>

<p>Comisia Financiară&nbsp;se asigură&nbsp;că&nbsp;traderii si brokerii beneficiază&nbsp;de o rezoluție foarte rapidă, eficientă, &icirc;ntr-o manieră&nbsp;autentică&nbsp;și imparțială&nbsp;și se asigură&nbsp;că&nbsp;toți cei implicați &icirc;n dispută&nbsp;obțin un răspuns bine fundamentat, contribuind per total la creșterea cunoștințelor despre Forex.</p>
"
27,"Autoritatea Monetară a Insulelor Cayman","Insulele Cayman","<p>Pentru a proteja și spori reputația Insulelor Cayman ca al unui centru Financiar Internațional, Autoritatea Monetară&nbsp;a Insulelor Cayman are &icirc;n componența sa o echipă&nbsp;de oameni foarte bine pregătiți și la curent cu tehnologia existentă, care desfășoară&nbsp;activități corespunzatoare, efective și eficiente, de supraveghere și reglementare &icirc;n concordanță&nbsp;cu standardele internaționale &icirc;n vigoare, prin menținerea unui curs de schimb stabil incluz&acirc;nd aici un management prudențial al rezervei valutare.</p>
"
29,"Banca Centrală a Emiratelor Arabe Unite","Emiratele Arabe Unite","<p style=""text-align:justify"">Responsabilitatea principală&nbsp;a Băncii Centrale (CB UAE) este să&nbsp;formuleze și implementeze politici bancare, de creditare și monetare, pentru a asigura creșterea sustenabila a economiei naționale a UAE &icirc;ntr-o maniera echilibrată.</p>

<p style=""text-align:justify"">Banca Centrală&nbsp;(CB UAE) are ca obiectiv menținerea unui curs fix al monedei naționale (dirham) &icirc;n relație cu dolarul american (USD) și de asigura convertibilitatea gratuită&nbsp;a monedei naționale &icirc;n monede străine, pe langa statutul de &quot;Bancă&nbsp;a Băncilor&quot;, Bancă&nbsp;Guvernamentală&nbsp;și consultant financiar.</p>
"
30,"Agenția de Servicii Financiare a Japoniei",Japonia,"<p>JFSA țintește să&nbsp;contribuiască&nbsp;la creșterea nivelului de trai al națiunii prin promovarea creșterii sustenabile a sectorului de afaceri și a economiei:</p>

<ul>
	<li>prin asigurarea unui model eficient și efectiv de intermediere financiară, asigurarea stabilității financiare și a integrității și transparenței pieței;</li>
	<li>prin utilizarea din economia globală&nbsp;a tuturor factorilor ce contribuie la tehnologii de inovație financiară, &icirc;n interesul dezvoltării sistemului financiar național.</li>
</ul>
"
31,"Asociația Financiară a Instrumentelor Derivate a Japoniei",Japonia,"<p>Obiectivele principale ale Asociației Financiare a Instrumentelor Derivate a Japoniei (FFAJ):</p>

<ul>
	<li>Formularea procedurilor de reglementare a membrilor săi, oferindu-le servicii de audit, consultantă&nbsp;și recomandări;</li>
	<li>Găsirea unor soluții rapide la pl&acirc;ngerile investitorilor și medierea &icirc;n relație cu membrii săi;</li>
	<li>Cercetarea și dezvoltarea at&acirc;t a pieței financiare derivate locale c&acirc;t și a celei internaționale, prin utilizarea de date statistice și pregătirea de recomandări pentru creșterea sustenabilă&nbsp;a industriei financiare;</li>
	<li>Emiterea de publicații financiare, susținerea de seminarii și pregătiri profesionale precum și menținerea relației cu publicul prin website-ul său.</li>
</ul>
"
32,"Comisia Piețelor Financiare și de Capital din Letonia",Letonia,"<p>Comisia Pietelor Financiare și de Capital din Letonia este o instituție publică&nbsp;autonomă, care are funcția de supraveghere a sistemului bancar din Letonia, a instituțiilor de credit, a companiilor de asigurare, a companiilor de brokeraj, a participanților la piața instrumentelor financiare precum și a fondurilor de pensii private și a institutiilor de plăți electronice.</p>

<p>Comisia Piețelor Financiare și de Capital asigură&nbsp;stabilitatea, competitivitatea și dezvoltarea piețelor financiare și de capital, precum și protecția investitorilor, deponenților și a persoanelor asigurate.</p>
"
33,"Comisia de Supraveghere Financiară din Vanuatu",Vanuatu,"<p>Comisia Serviciilor Financiare din Vanuatu (VFSC) a fost oficial formată&nbsp;&icirc;n Decembrie 1993, după&nbsp;ce parlamentul Vanuatu a emis ordonanța &quot;Vanuatu Financial Services Commission Act No. 35 of 1993&quot;. &Icirc;nainte de aceasta, instituție se numea &quot;The Registrar of Companies and the Official Receivership Department of the Treasury&quot; p&acirc;nă&nbsp;&icirc;n 1971, fiind sub administrația Britanică&nbsp;iar mai apoi, după&nbsp;independența din iulie 1980, s-a numit &quot;The Ministry of Finance and Economic Management&quot;.</p>

<p>Pe scurt, funcția principală&nbsp;a VFSC este să&nbsp;mențină&nbsp;și să&nbsp;opereze un Registru efectiv și eficient. &Icirc;n plus are &icirc;n atribuții să&nbsp;reglementeze și&nbsp;să&nbsp;supervizeze industria serviciilor financiare non-bancare a Vanuatu. Această&nbsp;funcție include promovarea la nivel internațional a sectorului financiar și protejarea reputației acesteia de oameni de afaceri indezirabili.</p>
"
34,"Comisia de Supraveghere Financiară din Africa de Sud","Africa de Sud","<p>FSB este o instiuție independentă, &icirc;nființată&nbsp;să&nbsp;supravegheze sector financiar non-bancar &icirc;n interesul public, susținută&nbsp;&icirc;n totalitate de către taxele și impozitele percepute &icirc;n industrie.</p>

<p>După&nbsp;mai bine de 20 de ani de reglementare a sectorului financiar non-bancar al Africii de Sud, FSB a devenit o autoritate recunoscută&nbsp;&icirc;n sectorul său de activitate at&acirc;t la nivel local c&acirc;t și internațional. De-a lungul timpului a contribuit la stabilitatea industriei &icirc;n timp ce &icirc;și &icirc;ndeplinea mandatul de a proteja consumatorul de produse și servicii financiare.</p>
"
35,"Comisia de Supraveghere Financiară din British Columbia",Canada,"<p>BCSC este o instituție guvernamentală&nbsp;teritorială&nbsp;responsabilă&nbsp;cu controlul și guvernarea dinamică&nbsp;a pieți de capital datorită&nbsp;autonomiei și ajustabilității. Fiind una din agențiile guvernamentale, raportează&nbsp;către legislația federală&nbsp;responsabilă&nbsp;pentru administrarea pieței de capital. Autofinanțarea BCSC evidențiază&nbsp;faptul că&nbsp;nu plătitorii de taxe ci participanții la piață&nbsp;contribuie la funcționarea pieței de capital.</p>

<p>BCSC &icirc;și asumă&nbsp;responsabilitatea pentru reglementarea pieței de capital &icirc;n British Columbia prin legislatia Federală&nbsp;a Pieței de Capital.</p>

<p>Protejarea și promovarea interesului investitorilor este obiectivul principal al BCSC care poate fi atins doar prin impregnarea următoarelor idei:</p>

<ul>
	<li>O piață&nbsp;echilibrată&nbsp;și transparentă&nbsp;ce garantează&nbsp;certitudinea și &icirc;ncrederea participanților</li>
	<li>Dezvoltarea sectorului pieței de capital prin competitivitate și dinamică&nbsp;promov&acirc;nd astfel oportunități multiple pentru investitorii &icirc;n piata de capital.</li>
</ul>
"
36,"Comisia Pieței de Capital din Ontario",Canada,"<p>Toate piețele de capital din Ontario, &icirc;ncluz&acirc;nd piețele de valori mobiliare, piețele derivate și instrumentele cu venit fix sunt sub reglementarea OSC. Fiind o instituție finanțată&nbsp;din surse proprii, OSC este &icirc;n acelasi timp o instituție guvernamentală. Această&nbsp;&icirc;nseamnă&nbsp;ca OSC este subordonată&nbsp;legislației federale respectiv sub Ministerul de Finanțe.</p>

<p>At&acirc;t &quot;Commodity Futures Act&quot; c&acirc;t și &quot;Securities Act&quot; al provinciei Ontario sunt administrate și subordonate acestui organism. De asemenea &quot;Business Corporations Act&quot;, mai exact c&acirc;teva din prevederile acestuia sunt controlate ți reglementate de c&icirc;tre OSC.</p>

<p>Conform legislației OSC, obligațiile sunt stabilite &icirc;n următoarele sectoare:</p>

<ul>
	<li>Dezvoltarea și aplicarea de reguli ce sporesc securitatea fondurllor investitorilor</li>
	<li>Descurajarea practicilor ce duc &icirc;n eroare investitorii precum și prevenția acestora</li>
	<li>Cultivarea corectitudinii și integrării &icirc;n piețele de capital</li>
	<li>Adoptarea siguranței investitorilor și &icirc;ncrederea &icirc;n piețe</li>
</ul>
"
37,"Autoritatea de Supraveghere Financiară din Danemarca",Danemarca,"<p>Misiunea comisiei de supraveghere financiară&nbsp;din Danemarca este de a supraveghea diverse instituții financiare precum băncile, fondurile mutuale, institutțile de credit și companiile de asigurări. Asigurarea solvabilității este prioritatea de bază&nbsp;a acestei instituții de reglementare. Activitatea de supraveghere &icirc;nseamnă&nbsp;ca toate instituțiile financiare trebuie să&nbsp;dețină&nbsp;fonduri proprii astfel &icirc;nc&acirc;t să-și acopere toate riscurile.</p>

<p>Așadar toate piețele de capital din Danemarca sunt controlate de această&nbsp;organizație. Aceasta supraveghează&nbsp;de asemenea dacă&nbsp;instituțiile financiare &icirc;și &icirc;ndeplinesc &icirc;ndatoririle și obligațiile cu privire la publicarea tuturor infomațiilor (prospecte, informații din interior, etc.). &Icirc;n cele din urmă&nbsp;toate cazurile de abuz de piață&nbsp;sunt sancționate de către Comisia de supraveghere Daneză. &Icirc;n afara&nbsp;activitații de supraveghere, această&nbsp;instituție contribuie la colectarea de date statistice precum și la asistarea &icirc;n dezvoltarea legislației financiare.</p>
"
38,"Autoritatea de Supraveghere a Pieței de Capital din Europa",Europa,"<p>De la 1 Ianuarie 2011 ESMA a &icirc;nceput să&nbsp;funcționeze &icirc;n locul fostei instituții CESR (Comitetul pentru Reglementarea Pieței de Capital din Europa). Cea din urmă&nbsp;a fost o instituție independentă&nbsp;la nivelul Comisiei Europene d&acirc;nd naștere la ESMA. De atunci ESMA și-a asumat responsabilitatea pentru protecția și suportul stabilității sectorului financiar din EU.</p>

<p>Av&acirc;nd o colaborare &icirc;ndeaproape cu EBA, EIOPA și alte organizații europene pentru supravegherea sistemului bancar, a pieței de asigurări și a pensiilor private, au asigurat ESMA &icirc;ntreținerea unei relații armonioase &icirc;n interiorul sectoarelor financiare și a organismelor reglementatoare. Cu toate acestea rolul principal al ESMA răm&acirc;ne neschimbat - de a crea și administra funcționarea corespunzătoare a piețelor de valori mobiliare. Acest lucru &icirc;nseamnă&nbsp;sș&nbsp;ofere piețelor unitate, transparență, eficiență&nbsp;și corectitudine. &Icirc;mbunătățirea și &icirc;ntărirea sectorului de investiții este o altă&nbsp;prioritate a ESMA.</p>
"
39,"Autoritatea de Supraveghere Financiară din Suedia",Suedia,"<p>Comisia pentru supravegherea piețelor financiare din Suedia este o agenție guvernamentală. Aceasta luptă&nbsp;să&nbsp;asigure stabilitatea financiară&nbsp;și drepturile consumatorilor de produse financiare. Fiecare companie implicată&nbsp;&icirc;n piețele financiare din Suedia se află&nbsp;sub jurisdicția și supravegherea FSA. Analiza evolutiei pieței, evaluarea solidității companiilor, industriei și pieței &icirc;n general se afla printre prioritățile FSA. Acord&acirc;nd atenție riscurilor și măsurilor de control, asigurăm conformarea la actele normative &icirc;n viguare.</p>

<p>FSA licențiază&nbsp;orice activitate asociată&nbsp;cu serviciile financiare. Competențele legislative ale FSA implică&nbsp;asigurarea unor standarde și amendamente conform actelor normative &icirc;n viguare. &Icirc;n caz de nerespectare legislației aflate &icirc;n viguare sau de manipulare evidentă&nbsp;a pieței, vor fi demarate investigații imediat at&acirc;t asupra persoanelor și companiilor rezidente &icirc;n Suedia c&acirc;t și asupra celor nerezidente.</p>

<p>FSA elaborează&nbsp;reguli privind contabilitatea și raportarea situatiilor financiare, garant&acirc;nd astfel informarea continuă&nbsp;a publicului &icirc;n legatură&nbsp;cu activitățile desfășurate de companii.</p>
"
40,"Autoritatea de Supraveghere Financiară din Dubai","Emiratele Arabe Unite","<p>Activitatea economica &icirc;n spațiul liber din Dubai este reglementată&nbsp;de DFSA.</p>

<p>Managementul resurselor și a valorilor mobiliare, executarea serviciilor bancare, finanțele islamice, tranzacționarea acțiunilor internaționale și a derivatelor c&acirc;t și sectorul asigurărilor intră&nbsp;sub incidență&nbsp;și competențele DFSA.</p>

<p>Activitatea DFSA este bazată&nbsp;pe principiul riscurilor și evitarea implicațiilor reglementatoare ne-necesare. Mai mult, DFSA precizează&nbsp;clar că&nbsp;obligațiile fiecărei instituții sunt de a se conforma măsurilor de risc stabilite de reglementator.</p>

<p>Sub aceste circumstanțe, prioritățile includ optimizarea riscului de afaceri pentru ciclul economic identificat, evaluarea riscurilor pentru a consolida piața locală&nbsp;și internațională.</p>

<p>Conform DFSA,&nbsp;eficiența reglementărilor bazate pe modelele de risc este mult mai importantă&nbsp;dec&acirc;t modul de implementare.</p>
"
41,"Autoritatea Pieței de Capital și a Mărfurilor din EAU","Emiratele Arabe Unite","<p>Atingerea sarcinilor federale a fost dintotdeauna principalul obiectiv al Autorității Pieței de Capital și a Mărfurilor. Actele sale normative definesc și &icirc;mbunătățesc cadrul legal al companiilor implicate &icirc;n sectorul piețelor mobiliare &icirc;ntărind astfel credibilitatea Autorității.</p>

<p>Autoritatea se luptă&nbsp;&icirc;ncontinuu să&nbsp;&icirc;mbunătățească&nbsp;administrarea companiilor aflate &icirc;n subordine, notific&acirc;ndu-le despre condițiile generale și legile federale relevante c&acirc;t și despre alte acte normative suplimentare.</p>

<p>SCA poate licenția toate piețele de valori mobiliare din EAU ce sunt formate prin interconectarea electronică&nbsp;a instituțiilor publice locale.</p>

<p>Managementul pieței va trebui asigurat de comisiile locale cuprinz&acirc;nd doar acei membrii care nu sunt participanți la piața de capital sub forma de institutii publice-private sau activități ale caselor de brokeraj.</p>

<p>Principalele obiective al acestei agenții sunt:</p>

<ul>
	<li>de a proteja investitorii</li>
	<li>definirea unui comportament adecvat care promovează&nbsp;o afacere corecta și o eficiență&nbsp;a pieței</li>
	<li>adoptarea de măsuri relevante de control.</li>
</ul>
"
42,"Comisia Pieței de Capital din SUA","Statele Unite","<p>SEC &icirc;n Statele Unite asigură&nbsp;protecția investitorilor, menținerea unei piețe corecte, precum și respectarea adecvării capitalului. Principalii participanți ai piaței de valori&nbsp;mobiliare sunt controlați de către aceasta agenție. Principala preocupare a SEC este de a face cunoscut informațiile cu caracter important, protejarea &icirc;mpotriva fraudelor și corectitudinea relațiilor de afaceri.</p>

<p>Investitorii bine educați și raționali sunt cel mai important mecanism al funcționării unei piețe eficiente, deoarece aceștia reprezintă&nbsp;o sursă&nbsp;majoră&nbsp;de informare. O diversitate informațională&nbsp;aliniată&nbsp;cu reputația investitorilor este publicată&nbsp;de către SEC pe site-ul său, incluz&acirc;nd baze de date cu documente supuse analizei și atenționării corespunzătoare.</p>

<p>SEC reglementează&nbsp;și controlează&nbsp;piața valorilor mobiliare din Statele Unite &icirc;n cooperare cu multe alte agenții, incluz&acirc;nd congresul American, o varietate de instituții private și alte organizații. Un lucru important este acela ca, președintele agenției participă&nbsp;&icirc;mpreună&nbsp;cu alte oficialități publice, &icirc;ntr-un grup de lucru al piețelor financiare pentru dezvoltarea acesteia.</p>
"
43,"Autoritatea de Reglementare a Sectorului Financiar din SUA","Statele Unite","<p>FINRA este cea mai mare agenție independentă&nbsp;ce reglementează&nbsp;sectorul pieței valorilor mobiliare, a tuturor organizațiilor din Statele Unite. Obiectivele FINRA sunt cele de a proteja investitorii americani prin asigurarea unor operațiuni oneste, corecte, din industria valorilor mobiliare.</p>

<p>Fiecare caracteristică&nbsp;a sectorului de valori mobiliare, incluz&acirc;nd registrarea și instruirea participanților la piață, elaborarea și aplicarea de reguli precum și legile federale, evaluarea companiilor implicate &icirc;n acest sector, educarea și instruirea investitorilor, transmiterea de rapoarte de tranzacționare c&acirc;t și administrarea forumului de soluționare a disputelor, este acoperită&nbsp;de FINRA. Reglementarea contractelor din piața de capital a Statelor Unite este de asemenea sub incidența și competențele FINRA.</p>

<p>&Icirc;n actualul climat economic global sofisticat, FINRA acționează&nbsp;ca&nbsp;o instituție ce reprezintă&nbsp;interesele investitorilor; activitatea sa este concentrată&nbsp;pentru a asigura soliditatea pieței și țintește către problemele de reglementare a pieței pentru a proteja piața și investitorii.</p>
"
44,"Autoritatea de Servicii Financiare a Sf. Vicențiu și Grenadinele","Sf. Vicențiu și Grenadinele","<p>Autoritatea de Servicii Financiare reglementează&nbsp;și supraveghează&nbsp;sectorul serviciilor financiare internaționale precum și instituțiile financiare non-bancare &icirc;n concordanță&nbsp;cu legislația națională&nbsp;&icirc;n vigoare și a celor mai bune practici internaționale pentru a se asigura că&nbsp;aceste sectoare au o reputație bună&nbsp;și contribuie la dezvoltarea economică&nbsp;și socială&nbsp;a statului St. Vicențiu și Grenadinele.</p>
"
45,"Comisia Titlurilor de Valoare din Bahamas",Bahamas,"<p>Comisia Pieței de Capital din Bahamas (&ldquo;Comisia&rdquo;) este o instituție independentă&nbsp;&icirc;nființată&nbsp;&icirc;n 1995 ca urmarea &quot;Securities Board Act din 1995&quot;. Această&nbsp;lege a fost &icirc;mbunătățită&nbsp;și &icirc;nlocuită&nbsp;de noua legislație. Mandatul comisiei este acum definit &icirc;n &quot;Securities Industry Act din 2011 (SIA, 2011)&quot;. Comisia este responsabilă&nbsp;pentru administrarea SIA din 2011 și pentru Investment Funds Act din 2003 (IFA, 2003), ce supraveghează&nbsp;și reglementează&nbsp;activitatea fondurilor de investiții, titlurilor de valoare și a pietei de capital. Comisia a fost propusă&nbsp;pentru aplicarea legii &quot;Inspector of Financial and Corporate Services&quot; efectiv din 1 Ianuarie 2008 și este responsabilă&nbsp;pentru administrarea &quot;Financial and Corporate Service Providers Act&quot; din 2000.</p>

<p>Obiectivul Comisiei este de a supraveghea și reglementa activitățile fondurilor de investiții, titlurilor de valoare și a pietei de capital, de a proteja investitorii totodată&nbsp;cu sporirea &icirc;ncrederii &icirc;n instituțiile publice precum și a integrității acestor piețe.</p>
"
46,"Banca Națională a Republicii Belarus",Belarus,"<p>Banca Națională a Republicii Belarus (denumită &icirc;n continuare &bdquo;Banca Națională&rdquo;) este banca centrală și o agenție guvernamentală a Republicii Belarus care funcționează exclusiv &icirc;n interesul Republicii Belarus.</p>

<p>&Icirc;n desfășurarea activităților sale, Banca Națională este ghidată de Constituția Republicii Belarus, Codul bancar al Republicii Belarus, legile Republicii Belarus, actele juridice de reglementare ale președintelui Republicii Belarus și Statutul Băncii Naționale a Republicii Belarus și este independentă&nbsp;&icirc;n activitățile sale.</p>

<p>Banca Națională este o persoană juridică care are sigiliul cu Stema de stat a Republicii Belarus și o &icirc;nscripție &quot;Национальный банк Республики Беларусь&quot; (Banca Națională a Republicii Belarus).</p>

<p><strong>Principalele obiective ale Băncii Naționale sunt următoarele:</strong></p>

<ul>
	<li>asigurarea stabilității prețurilor;</li>
	<li>menținerea stabilității sistemului bancar din Republica Belarus;</li>
	<li>asigurarea funcționării eficiente, fiabile și sigure a sistemului de plăți.</li>
</ul>
"
47,"Autoritatea de Supraveghere a Pieței de Capital din Liban",Liban,"<p>Autoritatea de supraveghere a pieței&nbsp;de capital (CMA) este un organism de reglementare independent instituit prin Legea nr. 161 a piețelor de capital, ratificată la 17 august 2011. Principala responsabilitate a CMA este reglementarea, supravegherea, licențierea și monitorizarea activităților pieței&nbsp;de capital libaneze conform reglementărilor stipulate prin Legea nr. 161/2011 a pieței&nbsp;de capital.</p>

<p>CMA are două obiective principale care subliniază misiunea și viziunea sa strategică:</p>

<ol>
	<li>Promovarea și dezvoltarea pieței&nbsp;de capital libaneze;</li>
	<li>Protejarea investitorilor &icirc;mpotriva activităților frauduloase, prin emiterea de reglementări care sunt &icirc;n conformitate cu cele mai bune practici internaționale și prin controlul și auditul adecvat al tuturor instituțiilor care se ocupă de instrumente financiare.</li>
</ol>

<p>Conform Legii 161/2011, CMA emite reglementări și supraveghează piețele financiare &icirc;n efortul de a reduce riscul sistemic pe piață, viz&acirc;nd totodată dezvoltarea și promovarea utilizării piețelor de capital &icirc;n Liban. Gestionarea riscurilor se realizează prin promovarea unui cadru de reglementare transparent și a unei supravegheri &icirc;n detaliu&nbsp;a sistemului financiar, care permite CMA să identifice riscurile potențiale care pot dăuna sistematic piețelor financiare și să se angajeze &icirc;n mod prealabil pentru a le atenua.</p>

<p>Din perspectiva protecției investitorilor, CMA recunoaște că emiterea de reglementări diligente &icirc;n numele său este extrem de importantă pentru o funcționare sigură și eficientă a pieței. Ca parte a mandatului său, CMA se concentrează, de asemenea, pe educația investitorilor &icirc;n vederea &icirc;mbunătățirii educației publice și a sensibilizării cu privire la piețele financiare și la riscurile asociate. Acest lucru nu numai că ajută&nbsp;investitorii, dar va &icirc;mbunătăți și eficiența piețelor de capital, va stimula &icirc;ncrederea și va reduce riscul.</p>
"
48,"Comisia Pieței de Capital și a Valorilor Mobiliare a Republicii Cipru",Cipru,"<p>Comisia Pieței de Capital și a Valorilor Mobiliare a Republicii Cipru (CySEC) este o autoritate publică&nbsp;independentă&nbsp;de supraveghere pentru piața serviciilor de investiții financiare și ale tranzacțiilor de valori mobiliare desfășurate &icirc;n cadrul Republicii Cipriote.</p>

<p>CySEC va executa supervizarea eficientă&nbsp;pentru a asigura protecția investitorilor și dezvoltarea corectă&nbsp;a pieței de capital.</p>
"
49,"Comisia Valorilor Mobiliare a Iordaniei",Iordania,"<p><span style=""font-size:11pt""><span style=""font-family:Calibri,sans-serif"">Comisia Valorilor Mobiliare a Iordaniei&nbsp;reglementează, monitorizează&nbsp;și dezvoltă&nbsp;piața de capital a Iordaniei &icirc;n probleme legate de funcționare, activități de servicii financiare și tranzacționare cu valori mobiliare, pentru a spori &icirc;ncrederea &icirc;n economia națională, a &icirc;ncuraja investițiile și a proteja investitorii. De asemenea, actualizează&nbsp;legislația&nbsp;și evoluțiile tehnice &icirc;n mod continuu și conform standardelor recente și a celor mai bune practici internaționale. </span></span></p>

<p><span style=""font-size:11pt""><span style=""font-family:Calibri,sans-serif""><strong>Comisia valorilor mobiliare a Iordaniei (FSC) este preocupată să atingă următoarele obiective:</strong> </span></span></p>

<ul>
	<li><span style=""font-size:11pt""><span style=""font-family:Calibri,sans-serif"">Reglementarea și dezvoltarea pieței de capital.</span></span></li>
	<li><span style=""font-size:11pt""><span style=""font-family:Calibri,sans-serif"">Protejează&nbsp;investitorii &icirc;n valori mobiliare din cadrul Amman Stock Exchange (ASE). </span></span></li>
	<li><span style=""font-size:11pt""><span style=""font-family:Calibri,sans-serif"">Protejează&nbsp;piața de capital de riscuri.</span></span></li>
</ul>
"
50,"Comisia Serviciilor Financiare din Gibraltar",Gibraltar,"<p>Comisia pentru servicii financiare din Gibraltar reglementează industria serviciilor financiare din Gibraltar.</p>

<p>Scopul nostru este de a proteja consumatorii, de a spori reputația Gibraltarului ca centru de servicii financiare de calitate și de a promova afaceri sustenabile.</p>

<p>GFSC supraveghează o gamă largă de firme, inclusiv auditori, bănci, manageri de companii, instituții de monedă electronică, furnizori de servicii de plată, furnizori de servicii de fonduri și fonduri, companii de asigurări, manageri și intermediari, firme de investiții și practicieni &icirc;n insolvență.</p>

<p>Firmele care doresc să facă afaceri &icirc;n sau din interiorul Gibraltarului trebuie să &icirc;ndeplinească standardele și criteriile noastre at&acirc;t &icirc;n ​​faza de aplicare, c&acirc;t și &icirc;n mod continuu.</p>

<p>Activitatea noastră de supraveghere se concentrează &icirc;n principal pe:</p>

<ul>
	<li>modul &icirc;n care firmele sunt operate și guvernate;</li>
	<li>identificarea riscurilor pentru consumatori;</li>
	<li>reputația jurisdicției &icirc;n general.</li>
</ul>
"
51,"Reglementatorul Pieței de Capital și a Valorilor Mobiliare din Cambodgia",Cambodgia,"<p><strong><big>Viziunea SECC</big></strong><br />
Reglementatorul Pieței de Capital al Cambodgiei (SECC) este &icirc;nființată &icirc;n conformitate cu legea privind emiterea și tranzacționarea valorilor mobiliare neguvernamentale (Preah Reach Kram nr. NS / RKM / 1007/028). SECC reglementează industria valorilor mobiliare din Cambodgia pentru a contribui la dezvoltarea socio-economică prin mobilizarea de capital din partea investitorilor publici și&nbsp;privați pentru a satisface cererea de finanțare pentru alți antreprenori.</p>

<p><strong><big>Misiunile SECC sunt:</big></strong></p>

<ol>
	<li>Dezvoltarea și menținerea &icirc;ncrederii investitorilor&nbsp;din Regatul Cambodgiei prin protejarea drepturilor lor legale și asigurarea faptului că oferta, emiterea, cumpărarea și v&acirc;nzarea valorilor mobiliare se desfășoară &icirc;ntr-un mod corect și ordonat;</li>
	<li>Promovarea reglementării eficiente, eficienței și dezvoltării ordonate a piețelor valorilor mobiliare;</li>
	<li>&Icirc;ncurajarea varietății de instrumente de economisire prin cumpărarea de valori mobiliare și alte instrumente financiare;</li>
	<li>&Icirc;ncurajarea investițiilor și participării străine pe piețele valorilor mobiliare din Regatul Cambodgiei;</li>
	<li>Sprijin&nbsp;la facilitarea privatizării &icirc;ntreprinderilor de stat din Regatul Cambodgiei.</li>
</ol>
"
52,"Comisia de Supraveghere Financiară din Insulele Cook","Insulele Cook","<p>Comisia de Supraveghere Financiară (FSC) a luat ființă &icirc;n Insulele Cook la 1 iulie 2003, &icirc;nlocuind fosta Comisie pentru Servicii Financiare Offshore. Unitatea de Informații Financiare (FIU) a fuzionat cu FSC la 1 iulie 2012.</p>

<p>Viziunea FSC este:<em><strong>&nbsp;de a fi un organism de reglementare financiar care se angajează să&nbsp;exceleze, să sporească integritatea și să susțină creșterea și dezvoltarea centrului de servicii financiare din Insulele Cook.</strong></em></p>

<p>Declarația de misiune a FSC este:&nbsp;<em><strong>să mențină un regim de supraveghere prudențială și investigativă eficientă, aplic&acirc;nd politici bazate pe riscuri și bazate pe informații, &icirc;n conformitate cu&nbsp;cele mai bune practici acceptate la nivel internațional.</strong></em></p>

<h3><strong>FSC Insulele Cook:</strong></h3>

<ul>
	<li>este un organism independent responsabil de supravegherea entităților financiare reglementate și a serviciilor financiare din Insulele Cook;</li>
	<li>cuprinde Consiliul, Comisarul, Șeful UIF și personalul acesteia, personalul de supraveghere și Registrul Companiilor Internaționale și Trust-urilor Internaționale;</li>
	<li>este autoritatea de acordare a licențelor pentru toate instituțiile financiare, ca bănci, asigurători, &icirc;ntreprinderile de schimb valutar și remitențele și companiile fiduciare;</li>
	<li>operează Registrul companiilor internaționale și străine, al companiilor cu răspundere limitată, al trust-urilor internaționale, al parteneriatelor internaționale și al fundațiilor.</li>
</ul>
"
53,"Banca Centrală a Armeniei",Armenia,"<p>Banca Centrală a Republicii Armenia, &icirc;n scopul de a fi recunoscută ca o entitate prestigioasă, transparentă, independentă, de partajare a cunoștințelor&nbsp;efective, precum și &icirc;n virtutea:</p>

<ul>
	<li>Constituției&nbsp;Republicii Armenia;</li>
	<li>obiectivele care i-au fost conferite prin Legea Republicii Armenia privind Banca Centrală;</li>
	<li>cea mai bună experiență internațională pentru o dezvoltare economică durabilă și o perspectivă pentru integrarea europeană;</li>
	<li>dorința de a juca un rol cheie &icirc;n furnizarea de servicii financiare la nivel regional;</li>
	<li>tendințele de dezvoltare și cea mai bună experiență internațională pentru băncile centrale ca unități instituționale esențiale</li>
</ul>

<p>conturează dezvoltarea potențialului Băncii Centrale și mobilizează resurse &icirc;n următoarele direcții:</p>

<ol>
	<li><em><strong>Politica&nbsp;monetară</strong></em></li>
	<li><em><strong>Stabilitatea și dezvoltarea sistemului financiar</strong></em></li>
	<li><em><strong>Statistici</strong></em></li>
	<li><em><strong>Sistemul de plată și decontare precum și ciclul banilor &icirc;n numerar</strong></em></li>
	<li><em><strong>Dezvoltarea instituțională a Băncii Centrale</strong></em></li>
</ol>
"
54,"Autoritatea de Reglementare a Serviciilor Financiare din Abu Dhabi","Emiratele Arabe Unite","<p>ADGM consideră că o piață corectă, eficientă și transparentă este fundamentală pentru a răspunde nevoilor dinamice și &icirc;n creștere ale economiei Abu Dhabi și ale piețelor globale. Autoritatea de Reglementare a Serviciilor Financiare a ADGM a fost &icirc;nființată pentru a susține un mediu progresiv de servicii financiare și pentru a menține integritatea &icirc;ntregului centru financiar internațional prin gestionarea oricărei expuneri potențiale la riscuri și a impacturilor nedorite.</p>

<p>Cadrul de reglementare al FSRA, ale cărui reglementări și reguli sunt modelate pe standarde și bune practici recunoscute la nivel internațional, asigură că entitățile financiare operează &icirc;n ADGM cu certitudine și fac acest lucru &icirc;n&nbsp;condiții de concurență echitabile și că interesul clienților&nbsp;și a cel a investitorilor&nbsp;este protejat.</p>

<p>FSRA are o abordare deschisă și progresivă &icirc;n menținerea și dezvoltarea cadrului său de reglementare, privind către organismele internaționale de stabilire a standardelor și reacțion&acirc;nd la inovațiile de pe piață și asum&acirc;nd o implicare semnificativă a părților interesate prin consultări publice, atunci c&acirc;nd ia &icirc;n considerare modificări ale cadrului său de reglementare.</p>
"
55,"Comisia de Supraveghere a Sectorului Financiar",Luxemburg,"<p><strong>Comisia de Supraveghere a Sectorului Financiar (The Commission de Surveillance du Secteur Financier - CSSF) este autoritatea de supraveghere a sectorului financiar luxemburghez.</strong></p>

<p>Atribuțiile și domeniul său de competență sunt prevăzute &icirc;n Secțiunea 2 din Legea din 23 decembrie 1998 de instituire a unei comisii de supraveghere a sectorului financiar (&bdquo;Commission de surveillance du secteur financier&rdquo;) (&bdquo;Legea organică&rdquo;).</p>

<p>CSSF &icirc;și &icirc;ndeplinește atribuțiile de supraveghere prudențială și de supraveghere a piețelor &icirc;n scopul asigurării siguranței și solidității sectorului financiar, exclusiv &icirc;n interes public. &Icirc;n limitele atribuțiilor sale, se asigură &icirc;n special că persoanele autorizate și emitenții respectă reglementările aplicabile acestora, inclusiv cele care vizează asigurarea protecției consumatorilor financiari și prevenirea utilizării sectorului financiar &icirc;n scopuri de spălarea banilor sau finanțarea terorismului.</p>

<p>CSSF reprezintă Luxemburgul &icirc;n domeniul supravegherii europene și internaționale.</p>
"
56,"Comisia Națională pentru Companii și Bursa de Valori ",Italia,"<p><strong>Comisia Națională pentru Companii și Bursa de Valori&nbsp;(CONSOB) este autoritatea publică responsabilă cu reglementarea piețelor financiare italiene.</strong></p>

<p>Activitatea sa vizează protecția investitorilor.</p>

<p>&Icirc;n acest sens, CONSOB este autoritatea competentă pentru asigurare:</p>

<ul>
	<li>transparența și comportamentul corect al participanților pe piața financiară;</li>
	<li>dezvăluirea de informații complete și exacte către publicul investitor de către companiile listate;</li>
	<li>acuratețea faptelor reprezentate &icirc;n prospectele referitoare la ofertele de valori mobiliare către publicul investitor;</li>
	<li>respectarea reglementărilor de către auditorii &icirc;nscriși &icirc;n Registrul special.</li>
</ul>

<p>CONSOB desfășoară investigații cu privire la potențialele &icirc;ncălcări ale legii privind tranzacțiile privilegiate și manipularea pieței.</p>
"
57,"Comisia Portugheză pentru Piața Valorilor Mobiliare",Portugalia,"<p><strong>CMVM - Comiss&atilde;o do Mercado de Valores Mobili&aacute;rios&nbsp;(Comisia Portugheză pentru Piața Valorilor Mobiliare)&nbsp;a fost &icirc;nființată &icirc;n mai 1991 (Decretul-Lege nr. 142-A/91 din 10&nbsp;aprilie)</strong>&nbsp;și are sarcina de a supraveghea și reglementa piețele instrumentelor financiare, precum și agenți care operează pe acele piețe și care promovează protecția investitorilor. CMVM are, de asemenea, următoarele responsabilități:</p>

<ul>
	<li>Sancționează &icirc;ncălcările Codului Valorilor Mobiliare și ale legislației suplimentare;</li>
	<li>Asigurarea stabilității piețelor financiare contribuind la identificarea și prevenirea riscului sistemic;</li>
	<li>Contribuie la dezvoltarea piețelor instrumentelor financiare;</li>
	<li>Furnizarea de informații și gestionarea reclamațiilor din partea investitorilor de retail;</li>
	<li>Mediază conflictele dintre entitățile supuse supravegherii sale și dintre acestea și investitori;</li>
	<li>Asistența Guvernului și a membrului său responsabil cu Finanțe;</li>
	<li>&Icirc;ndeplinește orice alte atribuții care &icirc;i sunt atribuite prin lege.</li>
</ul>
"
58,"Banca Centrală a Braziliei",Brazilia,"<p><strong>&Icirc;n 1964, Legea bancară (nr. 4.595) a creat Consiliul Monetar Național (CMN) &mdash; ca cea mai &icirc;naltă autoritate de reglementare macroeconomică și financiară &mdash; și Banca Centrală a Braziliei (Banco Central do Brasil - BCB).</strong></p>

<p>&Icirc;n acest cadru instituțional, BCB &icirc;și &icirc;ndeplinește funcțiile de autoritate monetară, de reglementare și de supraveghere &icirc;n conformitate cu liniile directoare emise de CMN. Este demn de subliniat că guvernatorul BCB are unul dintre cele trei voturi &icirc;n fiecare deliberare a CMN.</p>

<p>Să asigure stabilitatea puterii de cumpărare a monedei, să promoveze un sistem financiar solid, eficient și competitiv și să promoveze bunăstarea economică a societății.</p>

<p>&Icirc;n ceea ce privește stabilitatea prețurilor, BCB consideră că cea mai bună contribuție a&nbsp;politicii monetare&nbsp;la creșterea economică durabilă, șomaj scăzut și &icirc;mbunătățirea condițiilor de viață ale oamenilor este menținerea inflației la un nivel scăzut, stabil și previzibil, &icirc;n concordanță cu experiențele internaționale și interne.</p>

<p>&Icirc;n paralel, BCB definește&nbsp;stabilitatea financiară&nbsp;ca funcționarea regulată, &icirc;n timp și &icirc;n orice scenariu economic, a sistemului responsabil de intermedierea financiară &icirc;ntre gospodării, societăți nefinanciare și guvern.</p>

<p>Prerogativa de reglementare a BCB &icirc;n calitate de supraveghetor financiar este &icirc;mpărtășită cu Comisia Braziliană a Valorilor Mobiliare (CVM), &icirc;n conformitate cu domeniile lor de reglementare respective.</p>
"
59," Autoritatea piețelor de capital din Kenya",Kenya,"<p>Autoritatea Piețelor de Capital este o agenție publică independentă &icirc;nființată printr-un act al Parlamentului, Cap 485 A &icirc;n temeiul Trezoreriei și Planificării Naționale. Autoritatea a luat ființă la 15 decembrie 1989, c&acirc;nd a fost adoptată Legea și a fost inaugurată &icirc;n martie 1990.</p>

<p>CMA este un organism de reglementare &icirc;nsărcinat cu responsabilitatea principală de supraveghere, autorizare și monitorizare a activităților intermediarilor de pe piață, inclusiv a bursei de valori și a sistemului central de depozitare și decontare, precum și a tuturor celorlalte persoane autorizate conform Legii piețelor de capital. Ea joacă un rol esențial &icirc;n economie prin facilitarea mobilizării și alocării resurselor de capital pentru finanțarea investițiilor productive pe termen lung.</p>

<p>Autoritatea &icirc;și derivă competențele de a reglementa și de a supraveghea industria piețelor de capital din Legea piețelor de capital și din regulamentele emise &icirc;n temeiul acesteia. Funcțiile de reglementare ale Autorității, astfel cum sunt prevăzute de lege și de reglementări, includ următoarele:</p>

<ul>
	<li>Licențierea și supravegherea tuturor intermediarilor de pe piața de capital;</li>
	<li>Asigurarea unei conduite corecte a tuturor persoanelor autorizate și a instituțiilor de piață;</li>
	<li>Reglementarea emiterii produselor pieței de capital (obligațiuni, acțiuni etc.);</li>
	<li>Promovarea dezvoltării pieței prin cercetarea de noi produse și instituții;</li>
	<li>Promovarea educației investitorilor și a conștientizării publicului;</li>
	<li>Protejarea intereselor investitorilor;</li>
	<li>Componența Consiliului.</li>
</ul>
"
62,"Autoritatea de Reglementare a Serviciile Financiare din Labuan",Malaezia,"<p>Autoritatea de Reglementare a Serviciile Financiare din Labuan (Labuan FSA) a fost &icirc;nființată la 15 februarie 1996 &icirc;n temeiul Labuan Financial Services Authority Act 1996. Labuan FSA este organismul statutar responsabil pentru dezvoltarea și administrarea Centrului internațional de afaceri și financiar Labuan (Labuan IBFC).</p>

<p>Obiectivele cheie ale Labuan FSA sunt:</p>

<ul>
	<li>Promovarea și dezvoltarea Labuan ca centru internațional pentru afaceri și servicii financiare;</li>
	<li>Dezvoltarea obiectivelor, politicilor și priorităților naționale pentru dezvoltarea și administrarea ordonată a afacerilor internaționale și a serviciilor financiare &icirc;n Labuan;</li>
	<li>Acționează ca autoritate centrală de reglementare, supraveghere și aplicare a industriei internaționale de afaceri și servicii financiare din Labuan.</li>
</ul>

<p>Labuan FSA acordă licențe și reglementează entitățile licențiate care operează &icirc;n cadrul Labuan IBFC și pentru a se asigura că toate aceste entități răm&acirc;n &icirc;n conformitate cu legile și reglementările Labuan și respectă standardele internaționale, care sunt adoptate de jurisdicție. Labuan FSA dezvoltă politici de reglementare pentru a asigura desfășurarea ordonată a afacerilor și a serviciilor financiare &icirc;n Labuan IBFC.</p>"
65,"Agenția de Servicii Financiare a Ministerului de Finanțe din Dominica",Dominica,"<p>Legea <a href=""https://dominica.gov.dm/laws/2008/act18-2008.PDF"">Agenției de Servicii Financiare, 18 din 2008</a>, (PDF 83.14KB) a fost adoptată &icirc;n Camera Adunării la 14 octombrie 2008, publicată &icirc;n Monitorul Oficial la 18 decembrie 2008 și a intrat &icirc;n vigoare la 1 ianuarie 2009. Această lege a stabilit oficial Agenția de Servicii ca autoritate de reglementare.</p>

<p>Un amendament la această lege&nbsp;<a href=""https://dominica.gov.dm/laws/2011/financial_services_unit_amendment_no10.PDF"">[Legea unității de servicii financiare (modificare), 10 din 2011]</a>&nbsp;(PDF 31.37KB), a fost adoptată &icirc;n Camera Adunării la 25 octombrie 2011. Motivul principal al modificării a fost acela de a permite Agenției să monitorizeze și să asigure conformitatea băncilor comerciale cu legislația și reglementările privind prevenirea spălării banilor și finanțarea terorismului.</p>

<p>Obiectivele FSU sunt precizate &icirc;n <a href=""https://www.dominica.gov.dm/laws/2008/act18-2008.pdf"">secțiunea 4 din&nbsp;FSU Act, 18 din 2008&nbsp;</a>(PDF 83.14KB), după cum urmează:</p>

<ul>
	<li>Menține &icirc;ncrederea publicului &icirc;n sistemul financiar;</li>
	<li>Facilitarea descurajării infracțiunilor financiare;</li>
	<li>Supraveghează licențiații de servicii financiare &icirc;n conformitate cu legislația, reglementările și normele &icirc;n vigoare;</li>
	<li>Asigurarea evaluarii periodice a cadrului legislativ și de reglementare &icirc;n concordanță&nbsp;cu evoluțiile din sectorul serviciilor financiare;</li>
	<li>Promovarea celor mai bune practici, asistență reciprocă și schimbul de informații prin menținerea contactului și stabilirea de relații cu autoritățile de reglementare străine, asociațiile internaționale ale organismelor autorităților de reglementare sau grupurile relevante pentru funcțiile sale;</li>
	<li>Facilitarea dezvoltării sectorului serviciilor financiare.</li>
</ul>"
66,"Autoritatea Pieței de Capital din Muntenegru",Muntenegru,"<p>Autoritatea Pieței de Capital este un organism de reglementare independent &icirc;nființat prin lege, pentru a reglementa și supraveghea emisiunea de valori mobiliare și tranzacționarea acestora, &icirc;n conformitate cu regulile și principiile internaționale ale Organizației Internaționale a Comisiilor de Valori Mobiliare (IOSCO), cadrul legal al Uniunii Europene &icirc;n acest domeniu (acquis UE) și regulile Autorității Europene pentru Valori Mobiliare și Piețe&nbsp;(ESMA).</p>

<p>Autoritatea Pieței de Capital se angajează să realizeze viziunea de reglementare modernă a pieței de capital cu obiective precis definite:</p>

<ul>
	<li>&icirc;ncurajarea unei piețe de capital corecte, eficiente și transparente pentru a proteja investitorii &icirc;n valori mobiliare și pentru a reduce riscul sistemic;</li>
	<li>reglementarea emisiunilor de valori mobiliare și a operațiunilor cu aceste valori mobiliare;</li>
	<li>exercitarea funcției de supraveghere asupra pieței de capital;</li>
	<li>educația participanților la piața de capital;</li>
	<li>informarea publicului despre tendințele și evoluția pieței de capital;</li>
	<li>dezvoltarea capacităților strategice interne și a eficienței organizaționale.</li>
</ul>

<p>Autoritatea Pieței de Capital supraveghează &icirc;n mod continuu operațiunile persoanelor și companiilor care tranzacționează &icirc;n mod profesional valori mobiliare, cu scopul de a promova și &icirc;ncuraja standarde &icirc;nalte de protecție a investitorilor și integritatea pieței.</p>"
67,"Consiliul Piețelor de Capital din Turcia",Turcia,"<p>Consiliul Piețelor de Capital din Turcia (CMB) este autoritatea de reglementare și supraveghere responsabilă de piețele valorilor mobiliare din Turcia. &Icirc;mputernicită de Legea Piețelor de Capital (CML), care a fost adoptată &icirc;n 1981, CMB a elaborat reglementări detaliate pentru organizarea piețelor și dezvoltarea instrumentelor și instituțiilor pieței de capital.</p>

<p>Pe baza principalelor obiective de funcționare corectă și ordonată a piețelor și protejarea drepturilor investitorilor, CMB are o gamă largă de responsabilități. &Icirc;n funcție de etapele de dezvoltare ale piețelor și de starea economiei țării, lista de priorități se modifică din c&acirc;nd &icirc;n c&acirc;nd. Totuși, obiectivul major răm&acirc;ne același: luarea măsurilor necesare pentru stimularea dezvoltării piețelor de capital și,&nbsp;prin urmare, contribuția la alocarea eficientă a resurselor financiare &icirc;n țară, asigur&acirc;nd &icirc;n același timp protecția investitorilor.</p>

<p><strong>Declarație de misiune:</strong></p>

<p>Să elaboreze reglementări inovatoare și să efectueze supraveghere cu scopul de a asigura corectitudinea, eficiența și transparența pe piețele de capital din Turcia și de a &icirc;mbunătăți competitivitatea lor internațională.</p>

<p><strong>Scop și obiective:</strong></p>

<p>&Icirc;n cadrul misiunii sale, CMB și-a stabilit principalele obiective strategice:</p>

<ul>
	<li>sporirea protecției investitorilor;</li>
	<li>să adopte normele piețelor internaționale de capital și să le integreze pe deplin &icirc;n reglementări;</li>
	<li>să promoveze și să sporească eficiența pieței at&acirc;t a ofertei, c&acirc;t și a cererii;</li>
	<li>promovarea transparenței și echității pe piețele de capital;</li>
	<li>facilitarea modernizării structurii pieței;</li>
	<li>consolidarea infrastructurii piețelor de capital;</li>
	<li>creșterea calității&nbsp;produselor de lucru și a membrilor personalului consiliului.</li>
</ul>"
